Age,Gender,Education,AnnualIncome,SpendingScore,YearsWithCompany,Purchased,City_Bengaluru,City_Chennai,City_Delhi,City_Mumbai,City_Pune
0.08695652173913043,0,1,0.49397732948253026,0.8673469387755102,0.07142857142857142,1,0,1,0,0,0
0.782608695652174,1,0,0.5191287919914876,0.47959183673469385,1.0,1,1,0,0,0,0
0.6521739130434783,0,1,0.614746693882869,0.9591836734693877,0.21428571428571427,1,0,0,0,0,1
0.43478260869565216,1,1,0.4901446222666174,1.0,0.0,1,0,1,0,0,0
0.43478260869565216,0,2,0.49397732948253026,0.5918367346938775,0.9285714285714286,1,0,0,1,0,0
0.8695652173913043,0,1,1.0,0.673469387755102,0.0,0,0,0,1,0,0
0.08695652173913043,1,1,0.49397732948253026,0.25510204081632654,0.5714285714285714,0,0,0,1,0,0
0.6956521739130435,0,1,0.3348211765216825,0.8163265306122449,1.0,1,0,0,0,0,1
0.1956521739130435,0,0,0.6313207096479989,0.673469387755102,0.5714285714285714,1,0,1,0,0,0
0.08695652173913043,1,0,0.7133460728322947,0.9081632653061225,0.5714285714285714,1,0,0,0,1,0
0.5217391304347826,0,1,0.5728757247399622,0.2653061224489796,0.35714285714285715,0,0,0,0,0,1
0.9782608695652174,1,1,0.44529869058218063,0.7857142857142857,0.07142857142857142,0,0,0,0,1,0
0.7391304347826086,1,0,0.5899633015569694,0.46938775510204084,0.5714285714285714,0,0,0,0,1,0
0.5,0,1,0.4409165924735619,0.1836734693877551,0.9285714285714286,0,0,1,0,0,0
0.717391304347826,1,1,0.6840806931445571,0.16326530612244897,0.07142857142857142,0,0,0,0,0,1
0.782608695652174,1,1,0.14332044906733837,0.5612244897959183,0.9285714285714286,0,1,0,0,0,0
0.5217391304347826,0,1,0.43565286313000806,0.3163265306122449,0.42857142857142855,0,0,1,0,0,0
0.13043478260869565,0,1,0.11216694534320644,0.10204081632653061,0.5714285714285714,0,0,0,0,0,1
0.8478260869565217,0,0,0.49397732948253026,0.42857142857142855,0.14285714285714285,0,0,1,0,0,0
0.45652173913043476,1,1,0.7677889730950468,0.6530612244897959,0.6428571428571429,1,0,0,1,0,0
0.5,0,2,0.49397732948253026,0.3163265306122449,0.14285714285714285,0,0,1,0,0,0
0.3695652173913043,0,1,0.3606306051985842,0.9591836734693877,0.2857142857142857,1,1,0,0,0,0
0.17391304347826086,1,1,0.2075991835139302,0.7857142857142857,0.7142857142857143,0,1,0,0,0,0
0.9347826086956522,0,1,0.49397732948253026,0.5102040816326531,0.0,0,0,0,1,0,0
0.782608695652174,1,2,0.39502399513582764,0.9387755102040817,0.42857142857142855,1,0,0,1,0,0
0.6521739130434783,0,1,0.9742774315432889,0.42857142857142855,0.5714285714285714,1,0,0,0,0,1
0.391304347826087,1,2,0.5862337408525331,0.1326530612244898,0.07142857142857142,1,0,1,0,0,0
0.5,1,1,0.3918818266704306,0.030612244897959183,0.2857142857142857,0,0,1,0,0,0
0.5434782608695652,1,1,0.5921348070617359,0.9387755102040817,0.35714285714285715,1,0,0,0,0,1
0.43478260869565216,0,0,0.1961748930533539,0.9693877551020408,0.6428571428571429,1,0,1,0,0,0
0.45652173913043476,0,1,0.4431347853466808,0.7448979591836735,1.0,1,0,0,0,0,1
0.21739130434782608,1,0,0.5206835899329004,0.10204081632653061,0.8571428571428571,0,1,0,0,0,0
0.08695652173913043,0,1,0.4844151049922912,0.29591836734693877,0.14285714285714285,0,0,1,0,0,0
0.5,1,2,0.6557935766867169,0.04081632653061224,0.0,0,0,0,0,0,1
0.8913043478260869,0,0,0.5685978588955724,0.05102040816326531,0.0,0,0,0,1,0,0
0.043478260869565216,1,1,0.6318570715076762,0.24489795918367346,0.5714285714285714,1,0,0,0,0,1
0.8695652173913043,1,0,0.36670973485917785,0.5714285714285714,0.14285714285714285,0,0,0,1,0,0
0.8260869565217391,0,1,0.6767073462031227,0.061224489795918366,0.21428571428571427,0,0,1,0,0,0
0.2826086956521739,0,0,0.8195945799222601,0.9897959183673469,0.8571428571428571,1,0,0,0,0,1
0.6304347826086957,1,2,0.3116403552583006,0.45918367346938777,0.9285714285714286,1,0,0,0,1,0
0.15217391304347827,0,0,0.32775509760917243,0.2653061224489796,0.8571428571428571,0,0,1,0,0,0
0.7608695652173914,1,2,0.762301578684502,0.5204081632653061,0.21428571428571427,1,0,0,1,0,0
0.6956521739130435,0,2,0.4638466048511433,0.7959183673469388,0.6428571428571429,1,0,0,0,0,1
0.34782608695652173,1,1,0.7755987926429394,0.30612244897959184,0.6428571428571429,1,0,0,1,0,0
0.06521739130434782,1,1,0.49397732948253026,0.04081632653061224,0.14285714285714285,0,0,0,1,0,0
0.9782608695652174,0,1,0.7856094330199127,0.05102040816326531,0.5714285714285714,0,1,0,0,0,0
0.43478260869565216,1,2,0.5269386115393803,0.4642857142857143,0.5,1,0,0,0,1,0
0.8913043478260869,0,0,0.5517089748322512,0.11224489795918367,0.35714285714285715,0,0,1,0,0,0
0.6739130434782609,1,1,0.80704327810471,0.6326530612244898,0.7857142857142857,1,0,0,1,0,0
0.5,0,0,0.430538967666283,0.3877551020408163,0.7142857142857143,0,0,0,0,1,0
0.7608695652173914,0,1,0.3173134133895029,0.7755102040816326,0.5,1,0,1,0,0,0
0.1956521739130435,0,0,0.41357625241579987,0.05102040816326531,0.7142857142857143,0,0,1,0,0,0
0.3695652173913043,0,1,0.5896440902477688,0.8979591836734694,0.7857142857142857,1,0,0,1,0,0
0.45652173913043476,0,1,0.19523680267529478,0.7040816326530612,0.5714285714285714,1,0,0,0,0,1
0.5,1,1,0.49397732948253026,0.4489795918367347,0.2857142857142857,1,0,0,1,0,0
0.5,0,1,0.3959468849753534,0.20408163265306123,0.7857142857142857,0,0,1,0,0,0
0.5434782608695652,1,1,0.7255651343076155,0.9795918367346939,0.7142857142857143,1,0,0,0,0,1
0.15217391304347827,0,1,0.03331849471238409,0.29591836734693877,1.0,0,1,0,0,0,0
0.7391304347826086,0,1,0.3475190549608043,0.4897959183673469,0.14285714285714285,1,0,1,0,0,0
0.6956521739130435,1,1,0.1716466526242644,0.3979591836734694,0.42857142857142855,0,0,0,0,0,1
0.9347826086956522,1,2,1.0,0.22448979591836735,0.9285714285714286,0,0,1,0,0,0
0.7608695652173914,0,0,0.5496449588499707,0.41836734693877553,0.5,1,0,0,0,0,1
0.3695652173913043,0,0,0.4662146316040911,0.14285714285714285,1.0,0,1,0,0,0,0
0.9782608695652174,1,0,0.4517230896180322,0.4642857142857143,0.0,0,0,1,0,0,0
0.41304347826086957,1,1,0.4701320275346898,0.2857142857142857,0.0,0,0,0,0,0,1
0.32608695652173914,1,1,0.5409915094134764,0.11224489795918367,0.7857142857142857,0,0,1,0,0,0
0.9130434782608695,0,1,0.30413888949208484,0.41836734693877553,0.35714285714285715,1,0,0,0,0,1
0.3695652173913043,0,1,0.6393856810927016,0.8673469387755102,0.5,1,0,0,1,0,0
0.06521739130434782,1,1,0.6307506894529977,0.16326530612244897,0.42857142857142855,0,0,0,0,0,1
0.4782608695652174,1,2,0.5764923671581508,0.0,0.42857142857142855,0,0,1,0,0,0
0.8043478260869565,0,1,0.6100084688714685,0.10204081632653061,1.0,0,1,0,0,0,0
0.17391304347826086,0,0,0.5591724392521336,0.5102040816326531,0.07142857142857142,1,0,1,0,0,0
0.45652173913043476,0,1,0.8989674491324835,0.2755102040816326,0.7857142857142857,0,0,0,1,0,0
0.13043478260869565,1,1,0.48422075524961455,0.4897959183673469,0.9285714285714286,0,0,0,1,0,0
0.6956521739130435,0,0,0.4412271177607435,0.02040816326530612,0.6428571428571429,0,1,0,0,0,0
0.5,0,0,0.3539760265792274,0.32653061224489793,0.35714285714285715,0,1,0,0,0,0
0.32608695652173914,0,2,0.2995016394866561,0.4642857142857143,0.14285714285714285,0,0,1,0,0,0
0.21739130434782608,1,1,0.2580280558511216,0.42857142857142855,0.7142857142857143,0,0,0,0,0,1
0.5652173913043478,0,1,0.3275390328114482,0.5510204081632653,0.5,1,1,0,0,0,0
0.6739130434782609,0,1,0.487429154632907,0.7857142857142857,0.14285714285714285,1,0,0,0,0,1
0.9565217391304348,0,1,0.5665751015178824,0.4642857142857143,0.35714285714285715,1,0,0,0,1,0
0.43478260869565216,0,2,0.5112375409871665,0.8469387755102041,1.0,1,0,1,0,0,0
0.15217391304347827,1,1,0.3516297148813272,0.5306122448979592,0.21428571428571427,1,0,0,0,1,0
0.8478260869565217,0,1,0.6771698768756379,0.25510204081632654,0.14285714285714285,1,1,0,0,0,0
0.6304347826086957,0,1,0.6457492779744196,0.22448979591836735,0.7142857142857143,0,0,0,1,0,0
0.6956521739130435,1,2,0.4700408243034896,0.3163265306122449,0.14285714285714285,0,0,0,0,1,0
0.08695652173913043,0,1,0.3736390089248876,0.6020408163265306,0.9285714285714286,1,0,0,0,1,0
0.30434782608695654,1,2,0.6084243556057415,0.24489795918367346,0.8571428571428571,0,0,0,1,0,0
0.782608695652174,1,0,0.5379785455256129,0.9183673469387755,1.0,1,1,0,0,0,0
0.8478260869565217,0,2,0.21822653145425724,0.47959183673469385,0.9285714285714286,0,1,0,0,0,0
0.43478260869565216,1,1,0.48795683047056526,0.8673469387755102,0.21428571428571427,1,0,1,0,0,0
0.8043478260869565,0,0,0.5524527154676337,0.6836734693877551,0.21428571428571427,1,0,1,0,0,0
0.8478260869565217,1,1,0.49397732948253026,0.336734693877551,0.35714285714285715,0,1,0,0,0,0
0.391304347826087,0,1,0.5383444442031661,0.22448979591836735,0.5,0,1,0,0,0,0
0.9130434782608695,1,0,0.21691819938763546,0.7448979591836735,0.9285714285714286,1,0,0,0,1,0
0.2826086956521739,1,1,0.7623797528826736,0.32653061224489793,0.7857142857142857,1,0,0,1,0,0
0.2391304347826087,1,2,0.7451358276693232,0.24489795918367346,0.6428571428571429,1,0,0,0,0,1
0.6956521739130435,0,0,0.45189138129465156,0.9387755102040817,0.9285714285714286,1,0,0,0,1,0
0.6304347826086957,0,1,0.5722742177151419,0.47959183673469385,0.6428571428571429,0,0,1,0,0,0
0.13043478260869565,0,1,0.030257757703415777,0.04081632653061224,0.35714285714285715,0,0,0,1,0,0
0.8478260869565217,0,1,0.49397732948253026,0.4897959183673469,0.42857142857142855,0,0,0,0,0,1
0.1956521739130435,1,2,0.49397732948253026,0.45918367346938777,0.5,0,1,0,0,0,0
0.8043478260869565,0,1,0.29170919198280165,0.8673469387755102,0.07142857142857142,1,0,1,0,0,0
0.0,1,0,0.640860133330438,0.7142857142857143,0.7857142857142857,1,0,1,0,0,0
0.8043478260869565,1,2,0.8915843304162776,0.1836734693877551,0.6428571428571429,0,0,0,0,1,0
0.782608695652174,0,2,0.27128943996873034,0.14285714285714285,0.7142857142857143,0,0,1,0,0,0
0.782608695652174,0,0,0.3375724739962216,0.6020408163265306,0.5714285714285714,1,0,0,1,0,0
0.6739130434782609,1,2,0.54725738854748,0.04081632653061224,0.7857142857142857,0,0,0,0,1,0
0.4782608695652174,0,0,0.8161114850926147,0.3163265306122449,1.0,1,0,0,0,1,0
0.717391304347826,0,2,0.26234718030010207,0.1326530612244898,0.5714285714285714,0,0,0,0,1,0
0.2826086956521739,1,1,0.5499131397798094,0.02040816326530612,0.42857142857142855,0,0,1,0,0,0
0.782608695652174,1,1,0.8571887689735294,0.9183673469387755,0.07142857142857142,1,1,0,0,0,0
0.5652173913043478,0,0,0.17842935006840244,0.08163265306122448,0.7857142857142857,0,0,1,0,0,0
0.45652173913043476,0,2,0.25087620247117326,0.0,0.9285714285714286,0,0,1,0,0,0
0.5,0,0,0.4184545395322577,0.9387755102040817,0.7142857142857143,1,0,1,0,0,0
0.5,1,0,0.3995005537339037,0.1836734693877551,0.8571428571428571,0,0,0,0,0,1
0.5,1,0,0.6600529847343163,0.8163265306122449,0.8571428571428571,1,0,1,0,0,0
0.13043478260869565,1,1,0.5484712601246444,0.030612244897959183,0.7857142857142857,0,0,0,0,0,1
0.2391304347826087,1,0,0.15435169703155197,0.15306122448979592,0.5,0,0,0,1,0,0
0.10869565217391304,1,2,0.6019717269983279,0.10204081632653061,0.07142857142857142,0,0,0,1,0,0
0.43478260869565216,0,1,1.0,0.7040816326530612,0.0,1,0,0,0,1,0
0.6739130434782609,0,0,0.7503137825454388,0.6224489795918368,0.21428571428571427,1,0,0,0,0,1
0.5,1,0,0.3785889557230028,0.47959183673469385,0.42857142857142855,1,0,0,0,0,1
0.4782608695652174,1,0,0.49397732948253026,0.23469387755102042,0.7857142857142857,0,0,1,0,0,0
0.8695652173913043,1,1,0.6069987622418623,0.08163265306122448,0.42857142857142855,0,0,0,0,1,0
0.5652173913043478,0,2,0.6503452693752578,0.5714285714285714,0.0,1,0,0,0,1,0
0.06521739130434782,0,0,0.5888167466504528,0.22448979591836735,0.21428571428571427,1,0,1,0,0,0
0.7608695652173914,0,2,0.1718160300536362,0.5918367346938775,1.0,0,0,0,0,0,1
0.5869565217391305,0,0,0.49397732948253026,0.6938775510204082,1.0,1,0,1,0,0,0
0.6304347826086957,1,1,0.29910208247377906,0.8571428571428571,0.35714285714285715,1,0,1,0,0,0
0.5652173913043478,1,2,0.5472237302121561,0.4897959183673469,0.8571428571428571,1,0,0,1,0,0
0.5652173913043478,0,1,0.222994071789972,0.0,0.7142857142857143,0,0,0,0,0,1
0.08695652173913043,0,1,0.5884693057696901,0.2755102040816326,0.9285714285714286,1,0,0,0,0,1
0.5652173913043478,1,2,0.3436038305357104,0.8571428571428571,0.9285714285714286,1,0,0,0,1,0
0.8043478260869565,0,0,0.2505700201950012,0.5306122448979592,0.6428571428571429,1,0,0,1,0,0
0.30434782608695654,1,0,0.49397732948253026,0.6224489795918368,0.35714285714285715,1,0,0,0,0,1
0.6086956521739131,1,0,0.5484680028663873,0.45918367346938777,0.6428571428571429,0,0,0,1,0,0
0.021739130434782608,0,1,0.3812490499663417,0.16326530612244897,0.2857142857142857,0,0,0,0,0,1
0.34782608695652173,0,1,0.784853749104254,0.8979591836734694,0.35714285714285715,1,0,0,1,0,0
0.43478260869565216,1,1,0.415123450087946,0.7755102040816326,0.6428571428571429,1,0,0,0,0,1
1.0,1,2,0.5075166663047491,1.0,0.5714285714285714,1,1,0,0,0,0
0.21739130434782608,0,0,0.5537968773750841,0.8571428571428571,0.5714285714285714,1,0,0,0,0,1
0.2608695652173913,1,1,0.38013723914790126,0.4642857142857143,0.35714285714285715,0,0,0,0,0,1
0.41304347826086957,1,0,0.593319363314586,0.25510204081632654,0.42857142857142855,0,0,0,0,0,1
1.0,1,0,0.49397732948253026,0.24489795918367346,0.0,0,0,1,0,0,0
0.8695652173913043,0,1,0.4207932509608912,0.9183673469387755,0.6428571428571429,1,0,0,0,0,1
0.021739130434782608,1,2,0.7675511932422748,0.5612244897959183,0.5714285714285714,1,0,0,1,0,0
0.21739130434782608,1,1,0.297875181863586,0.4489795918367347,1.0,0,0,0,1,0,0
0.8260869565217391,0,1,0.0296996807886908,0.4642857142857143,0.5,1,0,0,1,0,0
0.043478260869565216,0,1,0.49397732948253026,0.6020408163265306,0.5,1,1,0,0,0,0
0.8695652173913043,1,0,0.9994712384095894,0.9183673469387755,0.07142857142857142,1,0,1,0,0,0
0.2826086956521739,0,2,0.42203860936787474,0.9897959183673469,0.14285714285714285,1,0,0,0,1,0
0.9347826086956522,0,1,0.1227150333326095,0.07142857142857142,0.35714285714285715,0,0,1,0,0,0
0.2826086956521739,0,0,0.440562637076285,0.35714285714285715,0.35714285714285715,1,0,0,0,1,0
0.43478260869565216,1,0,0.44530411934594255,0.7346938775510204,0.35714285714285715,1,0,1,0,0,0
0.6739130434782609,1,0,0.4641245575557534,0.8163265306122449,0.35714285714285715,1,0,0,1,0,0
0.5,0,2,0.2836463920436038,0.14285714285714285,0.7857142857142857,0,1,0,0,0,0
0.5652173913043478,1,1,0.6145089140300971,0.4642857142857143,0.07142857142857142,0,0,1,0,0,0
0.5,0,1,0.6037491042539793,0.5510204081632653,0.2857142857142857,1,1,0,0,0,0
0.782608695652174,1,1,0.20918221102690496,0.8061224489795918,0.14285714285714285,1,0,1,0,0,0
1.0,1,1,0.6378895137999174,0.4642857142857143,0.2857142857142857,0,0,0,1,0,0
0.6739130434782609,1,0,0.9024092853575384,0.6020408163265306,0.7142857142857143,1,0,0,0,0,1
0.41304347826086957,0,2,0.5348494060932445,0.29591836734693877,0.0,1,0,0,1,0,0
0.41304347826086957,1,1,0.43531627977676923,0.21428571428571427,0.35714285714285715,0,0,0,0,0,1
0.41304347826086957,0,1,0.4734891750450587,0.5204081632653061,0.0,1,0,1,0,0,0
0.5,1,1,0.6214848754641593,0.40816326530612246,1.0,1,0,0,0,1,0
0.32608695652173914,0,1,0.16300731797355106,0.6326530612244898,0.7142857142857143,0,0,0,0,1,0
0.15217391304347827,0,2,0.5333695250917461,0.3163265306122449,0.21428571428571427,0,0,0,0,1,0
0.32608695652173914,0,0,0.4249310547002237,0.826530612244898,0.14285714285714285,1,1,0,0,0,0
0.021739130434782608,1,1,0.8623732383661593,0.07142857142857142,0.07142857142857142,0,0,0,1,0,0
0.08695652173913043,0,1,0.46720266660875986,0.8673469387755102,0.5,1,0,1,0,0,0
0.08695652173913043,1,1,0.8272067924692189,0.02040816326530612,0.7857142857142857,0,0,0,1,0,0
0.782608695652174,0,0,0.2855323445744935,0.7346938775510204,0.5714285714285714,1,0,0,0,1,0
0.717391304347826,0,0,0.6160137673449002,0.4642857142857143,0.9285714285714286,0,0,0,0,0,1
0.6956521739130435,1,0,0.5636641983887429,0.37755102040816324,0.35714285714285715,1,0,0,0,0,1
0.45652173913043476,0,1,0.33139888384617056,0.01020408163265306,0.2857142857142857,0,0,0,0,1,0
0.717391304347826,1,1,0.5359112722850753,0.7040816326530612,0.5,1,0,1,0,0,0
0.5,1,1,0.7382108966146229,0.16326530612244897,0.21428571428571427,0,0,0,1,0,0
0.9130434782608695,0,1,0.43796117348157476,0.6632653061224489,1.0,1,0,1,0,0,0
0.5,0,1,0.1705728431521574,0.7244897959183674,0.14285714285714285,1,0,0,0,0,1
0.9565217391304348,0,1,0.49781003669844304,0.4642857142857143,0.5,1,0,0,0,0,1
0.15217391304347827,1,0,0.3248767670626045,0.7142857142857143,0.5,1,0,1,0,0,0
0.5,1,1,0.43433693079411956,0.29591836734693877,0.0,0,0,0,0,0,1
0.6956521739130435,0,1,0.48529673622722636,0.7448979591836735,0.5,1,0,0,0,0,1
0.5,0,0,0.16789754837028512,0.826530612244898,0.42857142857142855,1,0,0,1,0,0
0.43478260869565216,0,1,0.18548457145338865,0.3163265306122449,0.21428571428571427,0,0,1,0,0,0
0.15217391304347827,0,1,0.5954550389785238,0.12244897959183673,0.07142857142857142,0,1,0,0,0,0
0.3695652173913043,1,0,0.3990847104297409,0.8979591836734694,0.0,1,0,0,0,0,1
0.5,1,1,0.0,0.14285714285714285,0.0,0,0,1,0,0,0
0.30434782608695654,0,1,0.49397732948253026,0.5918367346938775,0.5,1,0,1,0,0,0
0.6956521739130435,1,1,0.5544733013398189,0.23469387755102042,0.07142857142857142,0,0,1,0,0,0
0.6304347826086957,0,1,0.36172612972573887,0.12244897959183673,1.0,0,0,1,0,0,0
0.6086956521739131,0,1,0.49397732948253026,0.7755102040816326,0.21428571428571427,1,0,0,0,1,0
0.3695652173913043,1,1,0.664588173981021,0.14285714285714285,0.6428571428571429,0,0,1,0,0,0
0.9782608695652174,1,1,0.5695174914768409,0.673469387755102,0.7142857142857143,1,0,0,0,1,0
0.08695652173913043,1,1,0.9668867125578163,0.6938775510204082,0.5,1,0,1,0,0,0
0.34782608695652173,0,1,0.5833619248224794,0.05102040816326531,0.9285714285714286,0,0,0,1,0,0
0.10869565217391304,0,1,0.5770135284792947,0.17346938775510204,0.07142857142857142,0,1,0,0,0,0
0.32608695652173914,0,1,0.46861848819786756,0.7959183673469388,0.21428571428571427,1,1,0,0,0,0
0.9782608695652174,0,1,0.6608694708041085,0.5102040816326531,0.21428571428571427,1,1,0,0,0,0
