CustomerID,Age,Gender,City,Education,AnnualIncome,SpendingScore,YearsWithCompany,Purchased,Country,IncomeMonthly
1001,22.0,Male,Chennai,Graduate,,86.0,1.0,Yes,India,71498.0
1002,54.0,Female,Bengaluru,High School,616474.0,48.0,14.0,Yes,India,51373.0
1003,48.0,Male,  pune ,Graduate,704540.0,95.0,3.0,Yes,India,58712.0
1004,38.0,Female,Chennai,Graduate,589779.0,99.0,0.0,Yes,India,49148.0
1005,38.0,Male,Delhi,Postgraduate,,59.0,13.0,Yes,India,47444.0
1006,58.0,Male,Delhi,Graduate,4500000.0,67.0,0.0,No,India,38308.0
1007,22.0,Female,Delhi,,,26.0,8.0,No,India,56454.0
1008,50.0,male,Pune,Graduate,446723.0,81.0,14.0,Yes,India,37227.0
1009,27.0,Male,Chennai,High School,719805.0,67.0,8.0,Yes,India,59984.0
1010,22.0,Female,MUMBAI,High School,795352.0,90.0,8.0,Yes,India,66279.0
1011,42.0,Male,Pune,Graduate,665976.0,27.0,5.0,No,India,55498.0
1012,63.0,Female,Mumbai,Graduate,548475.0,78.0,1.0,No,India,45706.0
1013,52.0,Female,Mumbai,High School,681714.0,47.0,8.0,No,India,56810.0
1014,,Male,,Graduate,544439.0,19.0,13.0,No,India,45370.0
1015,51.0,Female,Pune,Graduate,768398.0,17.0,1.0,No,India,64033.0
1016,54.0,FEMALE,Bengaluru,Graduate,270347.0,56.0,13.0,No,India,22529.0
1017,42.0,Male,Chennai,Graduate,539591.0,32.0,6.0,No,India,44966.0
1018,24.0,Male,Pune,Graduate,241654.0,11.0,8.0,No,India,20138.0
1019,57.0,Male,,High School,,43.0,2.0,No,India,27574.0
1020,39.0,Female,Delhi,,845495.0,65.0,9.0,Yes,India,70458.0
1021,41.0,Male,Chennai,Postgraduate,,32.0,2.0,No,India,63428.0
1022,35.0,Male,Bengaluru,Graduate,470494.0,95.0,4.0,Yes,India,39208.0
1023,26.0,Female,Bengaluru,Graduate,329549.0,78.0,10.0,No,India,27462.0
1024,61.0,Male,Delhi,Graduate,,51.0,0.0,No,India,5532.0
1025,54.0,Female,Delhi,Postgraduate,502171.0,93.0,6.0,Yes,India,41848.0
1026,48.0,Male,Pune,Graduate,1035675.0,43.0,8.0,Yes,India,86306.0
1027,36.0,Female,Chennai,Postgraduate,678279.0,14.0,1.0,Yes,India,56523.0
1028,,Female,Chennai,Graduate,499277.0,4.0,4.0,No,India,41606.0
1029,43.0,Female,Pune,Graduate,683714.0,93.0,5.0,Yes,India,56976.0
1030,38.0,Male,,High School,319027.0,96.0,9.0,Yes,India,26586.0
1031,39.0,Male,Pune,Graduate,546482.0,74.0,14.0,Yes,India,45540.0
1032,28.0,Female,Bengaluru,High School,617906.0,11.0,12.0,No,India,51492.0
1033,22.0,Male,Chennai,Graduate,584502.0,30.0,2.0,No,India,48708.0
1034,150.0,Female,Pune,Postgraduate,742345.0,5.0,0.0,No,India,61862.0
1035,59.0,Male,Delhi,High School,662036.0,6.0,0.0,No,India,55170.0
1036,20.0,Female,Pune,Graduate,720299.0,25.0,8.0,Yes,India,60025.0
1037,58.0,Female,Delhi,High School,476093.0,57.0,2.0,No,India,39674.0
1038,56.0,Male,Chennai,Graduate,761607.0,7.0,3.0,No,India,63467.0
1039,31.0,Male,Pune,High School,893209.0,98.0,12.0,Yes,India,74434.0
1040,47.0,Female,Mumbai,Postgraduate,425373.0,46.0,13.0,Yes,India,35448.0
1041,25.0,Male,Chennai,High School,440215.0,27.0,12.0,No,India,36685.0
1042,53.0,Female,delhi,Postgraduate,840441.0,52.0,3.0,Yes,India,70037.0
1043,50.0,Male,Pune,Postgraduate,565558.0,79.0,9.0,Yes,India,47130.0
1044,34.0,Female,Delhi,Graduate,852688.0,31.0,9.0,Yes,India,71057.0
1045,21.0,Female,Delhi,Graduate,,5.0,2.0,No,India,43362.0
1046,63.0,Male,Bengaluru,Graduate,861908.0,6.0,8.0,No,India,71826.0
1047,38.0,Female,Mumbai,Postgraduate,623667.0,,7.0,Yes,India,51972.0
1048,59.0,Male,Chennai,High School,646481.0,12.0,5.0,No,India,53873.0
1049,49.0,Female,Delhi,Graduate,881649.0,63.0,11.0,Yes,India,73471.0
1050,,Male,Mumbai,High School,534881.0,39.0,10.0,No,India,44573.0
1051,53.0,Male,Chennai,Graduate,430598.0,77.0,7.0,Yes,India,35883.0
1052,27.0,Male,Chennai,High School,519258.0,6.0,10.0,No,India,43272.0
1053,35.0,Male,Delhi,Graduate,681420.0,89.0,11.0,Yes,India,56785.0
1054,39.0,Male,Pune,Graduate,318163.0,70.0,8.0,Yes,India,26514.0
1055,,Female,Delhi,Graduate,,45.0,4.0,Yes,India,59562.0
1056,,Male,,Graduate,503021.0,21.0,11.0,No,India,41918.0
1057,43.0,Female,Pune,Graduate,806606.0,97.0,10.0,Yes,India,67217.0
1058,25.0,Male,Bengaluru,Graduate,169033.0,30.0,14.0,No,India,14086.0
1059,52.0,Male,Chennai,Graduate,458418.0,49.0,2.0,Yes,India,38202.0
1060,50.0,Female,Pune,Graduate,296436.0,40.0,6.0,No,India,24703.0
1061,61.0,Female,,Postgraduate,5200000.0,23.0,13.0,No,India,37607.0
1062,53.0,Male,Pune,High School,644580.0,42.0,7.0,Yes,India,53715.0
1063,35.0,Male,Bengaluru,High School,567739.0,15.0,14.0,No,India,47312.0
1064,63.0,Female,,High School,554392.0,,0.0,No,India,46199.0
1065,37.0,Female,Pune,Graduate,571347.0,29.0,0.0,No,India,47612.0
1066,33.0,Female,Chennai,Graduate,636610.0,12.0,11.0,No,India,53051.0
1067,60.0,Male,Pune,,418464.0,42.0,5.0,Yes,India,34872.0
1068,35.0,Male,Delhi,Graduate,727233.0,86.0,7.0,Yes,India,60603.0
1069,21.0,Female,Pune,Graduate,719280.0,17.0,6.0,No,India,59940.0
1070,40.0,Female,Chennai,Postgraduate,669307.0,1.0,6.0,No,India,55776.0
1071,55.0,Male,Bengaluru,Graduate,700176.0,11.0,14.0,No,India,58348.0
1072,26.0,Male,Chennai,High School,653355.0,51.0,1.0,Yes,India,54446.0
1073,39.0,Male,Delhi,Graduate,966313.0,28.0,11.0,No,India,80526.0
1074,24.0,Female,Delhi,Graduate,584323.0,49.0,13.0,No,India,48694.0
1075,50.0,Male,Bengaluru,High School,544725.0,3.0,9.0,No,India,45394.0
1076,,Male,Bengaluru,High School,464365.0,33.0,5.0,No,India,38697.0
1077,33.0,Male,Chennai,Postgraduate,414193.0,,2.0,No,India,34516.0
1078,28.0,Female,Pune,Graduate,375995.0,43.0,10.0,No,India,31333.0
1079,44.0,Male,Bengaluru,Graduate,440016.0,55.0,7.0,Yes,India,36668.0
1080,49.0,Male,Pune,Graduate,587278.0,78.0,2.0,Yes,India,48940.0
1081,62.0,Male,Mumbai,Graduate,660173.0,,5.0,Yes,India,55014.0
1082,38.0,Male,Chennai,Postgraduate,609206.0,84.0,14.0,Yes,India,50767.0
1083,25.0,Female,Mumbai,Graduate,462204.0,53.0,3.0,Yes,India,38517.0
1084,57.0,Male,Bengaluru,Graduate,762033.0,26.0,2.0,Yes,India,63503.0
1085,47.0,Male,Delhi,Graduate,733094.0,23.0,10.0,No,India,61091.0
1086,50.0,Female,Mumbai,Postgraduate,571263.0,32.0,2.0,No,India,47605.0
1087,22.0,Male,Mumbai,Graduate,482475.0,60.0,13.0,Yes,India,40206.0
1088,32.0,Female,Delhi,Postgraduate,698717.0,25.0,12.0,No,India,58226.0
1089,54.0,Female,Bengaluru,High School,633835.0,91.0,14.0,Yes,India,52820.0
1090,57.0,Male,Bengaluru,Postgraduate,339337.0,48.0,13.0,No,India,28278.0
1091,38.0,Female,Chennai,Graduate,587764.0,86.0,3.0,Yes,India,48980.0
1092,55.0,Male,Chennai,High School,647166.0,68.0,3.0,Yes,India,53930.0
1093,57.0,Female,Bengaluru,Graduate,,34.0,5.0,No,India,36505.0
1094,36.0,Male,Bengaluru,Graduate,634172.0,23.0,7.0,No,India,52848.0
1095,60.0,Female,Mumbai,High School,338132.0,74.0,13.0,Yes,India,28178.0
1096,31.0,Female,Delhi,Graduate,840513.0,33.0,11.0,Yes,India,70043.0
1097,29.0,Female,Pune,Postgraduate,824631.0,25.0,9.0,Yes,India,68719.0
1098,50.0,Male,Mumbai,High School,554547.0,93.0,13.0,Yes,India,46212.0
1099,47.0,Male,Chennai,Graduate,665422.0,48.0,9.0,No,India,55452.0
1100,24.0,Male,Delhi,Graduate,166214.0,5.0,5.0,No,India,13851.0
1101,57.0,Male,Pune,Graduate,,49.0,6.0,No,India,32655.0
1102,27.0,Female,Bengaluru,Postgraduate,,46.0,7.0,No,India,45593.0
1103,55.0,Male,,Graduate,407016.0,86.0,1.0,Yes,India,33918.0
1104,18.0,Female,Chennai,High School,728591.0,71.0,11.0,Yes,India,60716.0
1105,55.0,Female,Mumbai,Postgraduate,959513.0,19.0,9.0,No,India,79959.0
1106,54.0,Male,,Postgraduate,388209.0,15.0,10.0,No,India,32351.0
1107,54.0,Male,Delhi,High School,449257.0,60.0,8.0,Yes,India,37438.0
1108,49.0,Female,Mumbai,Postgraduate,642381.0,5.0,11.0,No,India,53532.0
1109,40.0,Male,Mumbai,High School,890001.0,32.0,14.0,Yes,India,74167.0
1110,51.0,Male,Mumbai,Postgraduate,379973.0,14.0,8.0,No,India,31664.0
1111,31.0,Female,Chennai,Graduate,644827.0,3.0,6.0,No,India,53736.0
1112,54.0,Female,Bengaluru,Graduate,927834.0,91.0,1.0,Yes,India,77320.0
1113,44.0,Male,Chennai,High School,302683.0,9.0,11.0,No,India,25224.0
1114,39.0,Male,Chennai,Postgraduate,369408.0,1.0,13.0,No,India,30784.0
1115,41.0,Male,Chennai,High School,523751.0,93.0,10.0,Yes,India,43646.0
1116,,Female,Pune,High School,506294.0,19.0,12.0,No,India,42191.0
1117,,Female,Chennai,High School,746268.0,81.0,12.0,Yes,India,62189.0
1118,24.0,Female,Pune,Graduate,643499.0,4.0,11.0,No,India,53625.0
1119,29.0,Female,Delhi,High School,280507.0,16.0,7.0,No,India,23376.0
1120,23.0,Female,Delhi,Postgraduate,692774.0,11.0,1.0,No,India,57731.0
1121,38.0,Male,Mumbai,Graduate,3900000.0,70.0,0.0,Yes,India,41337.0
1122,49.0,Male,Pune,High School,829400.0,62.0,3.0,Yes,India,69117.0
1123,,Female,Pune,High School,487034.0,48.0,6.0,Yes,India,40586.0
1124,40.0,Female,Chennai,High School,,24.0,11.0,No,India,40451.0
1125,58.0,Female,Mumbai,Graduate,697404.0,9.0,6.0,No,India,58117.0
1126,44.0,Male,Mumbai,Postgraduate,737327.0,57.0,0.0,Yes,India,61444.0
1127,21.0,Male,Chennai,High School,680658.0,23.0,3.0,Yes,India,56722.0
1128,53.0,Male,Pune,Postgraduate,296592.0,59.0,14.0,No,India,24716.0
1129,45.0,Male,Chennai,High School,,69.0,14.0,Yes,India,58070.0
1130,47.0,Female,Chennai,,413825.0,85.0,5.0,Yes,India,34485.0
1131,44.0,Female,Delhi,Postgraduate,642350.0,49.0,12.0,Yes,India,53529.0
1132,44.0,Male,Pune,Graduate,343728.0,1.0,10.0,No,India,28644.0
1133,22.0,Male,Pune,Graduate,680338.0,28.0,13.0,Yes,India,56695.0
1134,44.0,Female,Mumbai,Postgraduate,454812.0,85.0,13.0,Yes,India,37901.0
1135,55.0,Male,Delhi,High School,369126.0,53.0,9.0,Yes,India,30760.0
1136,32.0,Female,Pune,High School,,62.0,5.0,Yes,India,60707.0
1137,46.0,Female,Delhi,High School,643496.0,46.0,9.0,No,India,53625.0
1138,19.0,Male,Pune,Graduate,489484.0,17.0,4.0,No,India,40790.0
1139,34.0,Male,Delhi,Graduate,861212.0,89.0,5.0,Yes,India,71768.0
1140,38.0,Female,Pune,Graduate,520683.0,77.0,9.0,Yes,India,43390.0
1141,64.0,Female,Bengaluru,Postgraduate,605779.0,99.0,8.0,Yes,India,50482.0
1142,28.0,Male,Pune,High School,648404.0,85.0,8.0,Yes,India,54034.0
1143,30.0,Female,Pune,Graduate,488460.0,,5.0,No,India,40705.0
1144,37.0,Female,Pune,High School,684805.0,26.0,6.0,No,India,57067.0
1145,64.0,Female,Chennai,High School,,25.0,0.0,No,India,41998.0
1146,58.0,Male,Pune,Graduate,525905.0,91.0,9.0,Yes,India,43825.0
1147,19.0,Female,Delhi,Postgraduate,845276.0,56.0,8.0,Yes,India,70440.0
1148,28.0,Female,Delhi,Graduate,412695.0,45.0,14.0,No,India,34391.0
1149,56.0,Male,Delhi,,165700.0,,7.0,Yes,India,13808.0
1150,20.0,Male,Bengaluru,Graduate,,60.0,7.0,Yes,India,74164.0
1151,58.0,Female,Chennai,High School,1058879.0,91.0,1.0,Yes,India,88240.0
1152,31.0,Male,Mumbai,Postgraduate,527052.0,98.0,2.0,Yes,India,43921.0
1153,61.0,Male,Chennai,Graduate,251369.0,8.0,5.0,No,India,20947.0
1154,31.0,Male,Mumbai,High School,544113.0,36.0,5.0,Yes,India,45343.0
1155,38.0,Female,Chennai,High School,548480.0,73.0,5.0,Yes,India,45707.0
1156,49.0,Female,Delhi,High School,565814.0,81.0,5.0,Yes,India,47151.0
1157,,Male,Bengaluru,Postgraduate,399590.0,15.0,11.0,No,India,33299.0
1158,44.0,Female,Chennai,Graduate,704321.0,,1.0,No,India,58693.0
1159,41.0,Male,Bengaluru,Graduate,694411.0,55.0,4.0,Yes,India,57868.0
1160,54.0,Female,Chennai,Graduate,331007.0,80.0,2.0,Yes,India,27584.0
1161,64.0,Female,Delhi,Graduate,725855.0,,4.0,No,India,60488.0
1162,49.0,Female,Pune,High School,969483.0,60.0,10.0,Yes,India,80790.0
1163,37.0,Male,Delhi,Postgraduate,630953.0,30.0,0.0,Yes,India,52579.0
1164,37.0,Female,Pune,Graduate,539281.0,22.0,5.0,No,India,44940.0
1165,37.0,Male,Chennai,,574439.0,52.0,0.0,Yes,India,47870.0
1166,,Female,Mumbai,Graduate,710746.0,41.0,14.0,Yes,India,59229.0
1167,33.0,Male,Mumbai,Graduate,288479.0,63.0,10.0,No,India,24040.0
1168,25.0,Male,Mumbai,Postgraduate,629590.0,32.0,3.0,No,India,52466.0
1169,33.0,Male,Bengaluru,High School,529716.0,82.0,2.0,Yes,India,44143.0
1170,19.0,Female,Delhi,Graduate,932609.0,8.0,1.0,No,India,77717.0
1171,22.0,Male,Chennai,Graduate,568649.0,86.0,7.0,Yes,India,47387.0
1172,22.0,Female,Delhi,Graduate,900220.0,3.0,11.0,No,India,75018.0
1173,54.0,Male,Mumbai,High School,401327.0,73.0,8.0,Yes,India,33444.0
1174,51.0,Male,Pune,High School,705707.0,,13.0,No,India,58809.0
1175,50.0,Female,Pune,High School,657492.0,38.0,5.0,Yes,India,54791.0
1176,39.0,Male,Mumbai,Graduate,443571.0,2.0,4.0,No,India,36964.0
1177,51.0,Female,Chennai,Graduate,631931.0,70.0,7.0,Yes,India,52661.0
1178,,Female,Delhi,Graduate,818253.0,17.0,3.0,No,India,68188.0
1179,60.0,Male,Chennai,Graduate,541717.0,66.0,14.0,Yes,India,45143.0
1180,41.0,Male,Pune,Graduate,295447.0,72.0,2.0,Yes,India,24621.0
1181,62.0,Male,Pune,Graduate,596839.0,,7.0,Yes,India,49737.0
1182,25.0,Female,Chennai,High School,437564.0,71.0,7.0,Yes,India,36464.0
1183,,Female,Pune,Graduate,538379.0,30.0,0.0,No,India,44865.0
1184,50.0,Male,Pune,Graduate,585314.0,74.0,7.0,Yes,India,48776.0
1185,41.0,Male,Delhi,High School,292983.0,82.0,6.0,Yes,India,24415.0
1186,38.0,Male,Chennai,Graduate,309181.0,32.0,3.0,No,India,25765.0
1187,25.0,Male,Bengaluru,Graduate,686772.0,13.0,1.0,No,India,57231.0
1188,35.0,Female,Pune,High School,505911.0,89.0,0.0,Yes,India,42159.0
1189,,Female,Chennai,Graduate,138346.0,15.0,0.0,No,India,11529.0
1190,32.0,Male,Chennai,Graduate,,59.0,7.0,Yes,India,61773.0
1191,50.0,Female,Chennai,Graduate,649027.0,24.0,1.0,No,India,54086.0
1192,47.0,Male,Chennai,Graduate,471503.0,13.0,14.0,No,India,39292.0
1193,46.0,Male,Mumbai,Graduate,,77.0,3.0,Yes,India,30248.0
1194,35.0,Female,Chennai,Graduate,750445.0,15.0,9.0,No,India,62537.0
1195,63.0,Female,Mumbai,Graduate,662883.0,67.0,10.0,Yes,India,55240.0
1196,22.0,Female,Chennai,Graduate,1028868.0,69.0,7.0,Yes,India,85739.0
1197,34.0,Male,Delhi,Graduate,675634.0,6.0,13.0,No,India,56303.0
1198,23.0,Male,Bengaluru,Graduate,669787.0,18.0,1.0,No,India,55816.0
1199,33.0,Male,Bengaluru,Graduate,569953.0,79.0,3.0,Yes,India,47496.0
1200,63.0,Male,Bengaluru,Graduate,747020.0,51.0,3.0,Yes,India,62252.0
1059,52.0,Male,Chennai,Graduate,458418.0,49.0,2.0,Yes,India,38202.0
1041,25.0,Male,Chennai,High School,440215.0,27.0,12.0,No,India,36685.0
1035,59.0,Male,Delhi,High School,662036.0,6.0,0.0,No,India,55170.0
1103,55.0,Male,,Graduate,407016.0,86.0,1.0,Yes,India,33918.0
1185,41.0,Male,Delhi,High School,292983.0,82.0,6.0,Yes,India,24415.0
1199,33.0,Male,Bengaluru,Graduate,569953.0,79.0,3.0,Yes,India,47496.0
1096,31.0,Female,Delhi,Graduate,840513.0,33.0,11.0,Yes,India,70043.0
1005,38.0,Male,Delhi,Postgraduate,,59.0,13.0,Yes,India,47444.0
